id_ordem_servico,valor_total,valor_total_servicos,valor_total_produtos,data_saida_prevista,data_saida_efetiva,data_atualizacao,status,seguradora,nf_realizada,pagt_realizado,ativo,data_entrada_prevista,data_entrada_efetiva,id_registro_servico,fk_ordem_servico,preco_cobrado,parte_veiculo,lado_veiculo,tipo_servico,cor,especificacao_servico,tipo_pintura
6,2079.6,1400.0,679.6,2026-03-20,2026-03-21,2026-05-18,FINALIZADO,1,1,1,1,2026-03-15,2026-03-15,93,6,840.0,CURVAO,DIANTEIRO_ESQUERDO,PINTURA,Azul,Pintura parcial na coluna frontal esquerda,PARCIAL
6,2079.6,1400.0,679.6,2026-03-20,2026-03-21,2026-05-18,FINALIZADO,1,1,1,1,2026-03-15,2026-03-15,94,6,560.0,PAINEL,COMPLETO,MECANICA,,Revisão e ajuste de painel elétrico interno,NAO_APLICAVEL
7,635.0,470.0,165.0,2026-03-22,2026-03-22,2026-05-18,FINALIZADO,0,0,1,1,2026-03-16,2026-03-16,95,7,470.0,GRADE,DIANTEIRO,FUNILARIA,Cinza,Troca e ajuste de grade dianteira,NAO_APLICAVEL
14,522.0,450.0,72.0,2026-04-05,2026-04-06,2026-05-18,FINALIZADO,1,1,1,1,2026-04-03,2026-04-04,106,14,450.0,PAINEL,COMPLETO,MECANICA,,Ajuste de painel eletrico,NAO_APLICAVEL
15,414.0,390.0,24.0,2026-04-04,2026-04-05,2026-05-18,FINALIZADO,0,0,1,1,2026-04-02,2026-04-03,107,15,390.0,GRADE,DIANTEIRO,FUNILARIA,Preto,Troca e fixacao de grade,NAO_APLICAVEL
16,839.7,720.0,119.7,2026-04-03,2026-04-04,2026-05-18,FINALIZADO,1,0,0,1,2026-04-01,2026-04-02,108,16,720.0,CAIXA_DE_RODA,TRASEIRO_ESQUERDO,FUNILARIA,Cinza,Recuperacao de caixa de roda,NAO_APLICAVEL
20,1189.8,1000.0,189.8,2026-04-06,2026-04-07,2026-05-18,FINALIZADO,0,0,1,1,2026-04-05,2026-04-06,113,20,620.0,PORTA,TRASEIRO_ESQUERDO,PINTURA,Azul,Pintura parcial apos reparo,PARCIAL
20,1189.8,1000.0,189.8,2026-04-06,2026-04-07,2026-05-18,FINALIZADO,0,0,1,1,2026-04-05,2026-04-06,114,20,380.0,PAINEL,COMPLETO,MECANICA,,Ajuste eletrico e sensores,NAO_APLICAVEL
21,1340.0,980.0,360.0,2026-04-07,2026-04-08,2026-05-18,FINALIZADO,1,1,1,1,2026-04-06,2026-04-07,115,21,980.0,PARACHOQUE,TRASEIRO_DIREITO,FUNILARIA,Preto,Recuperacao e alinhamento,NAO_APLICAVEL
26,473.4,420.0,53.4,2026-04-08,2026-04-09,2026-05-18,FINALIZADO,0,0,1,1,2026-04-07,2026-04-08,120,26,420.0,PAINEL,COMPLETO,MECANICA,,Revisao eletrica e troca de fusiveis,NAO_APLICAVEL
27,749.9,690.0,59.9,2026-04-09,2026-04-10,2026-05-18,FINALIZADO,1,1,1,1,2026-04-08,2026-04-09,121,27,690.0,PORTA,TRASEIRO_DIREITO,PINTURA,Vermelho,Pintura parcial porta traseira,PARCIAL
31,942.0,870.0,72.0,2026-04-11,2026-04-12,2026-05-18,FINALIZADO,1,1,1,1,2026-04-10,2026-04-11,126,31,870.0,PARACHOQUE,DIANTEIRO,PINTURA,Branco,Pintura completa do parachoque,COMPLETA
32,638.0,620.0,18.0,2026-04-12,2026-04-13,2026-05-18,FINALIZADO,0,0,1,1,2026-04-11,2026-04-12,127,32,620.0,PORTA,DIREITO,PINTURA,Azul,Pintura parcial apos reparo,PARCIAL
35,1155.0,980.0,175.0,2026-04-13,2026-04-14,2026-05-18,FINALIZADO,1,1,1,1,2026-04-12,2026-04-13,130,35,980.0,PARACHOQUE,DIANTEIRO,PINTURA,Cinza,Pintura completa frontal,COMPLETA
38,849.8,730.0,119.8,2026-04-14,2026-04-15,2026-05-18,FINALIZADO,0,0,1,0,2026-04-13,2026-04-14,135,38,730.0,CAIXA_DE_RODA,DIANTEIRO_ESQUERDO,PINTURA,Prata,Pintura parcial caixa de roda,PARCIAL
40,2290.0,1930.0,360.0,2026-04-15,2026-04-16,2026-05-18,FINALIZADO,1,1,1,1,2026-04-14,2026-04-15,136,40,990.0,PARACHOQUE,DIANTEIRO,FUNILARIA,Vermelho,Reparo e alinhamento frontal,NAO_APLICAVEL
40,2290.0,1930.0,360.0,2026-04-15,2026-04-16,2026-05-18,FINALIZADO,1,1,1,1,2026-04-14,2026-04-15,137,40,940.0,PARACHOQUE,DIANTEIRO,PINTURA,Vermelho,Pintura completa frontal,COMPLETA
43,1570.0,1570.0,0.0,2021-01-12,2021-01-12,2026-05-18,FINALIZADO,1,1,1,1,2021-01-09,2021-01-09,138,43,650.0,PARACHOQUE,DIANTEIRO,FUNILARIA,Branco,Recuperação de parachoque com massa,NAO_APLICAVEL
43,1570.0,1570.0,0.0,2021-01-12,2021-01-12,2026-05-18,FINALIZADO,1,1,1,1,2021-01-09,2021-01-09,139,43,920.0,PARACHOQUE,DIANTEIRO,PINTURA,Branco,Pintura completa do parachoque,COMPLETA
44,1300.0,1300.0,0.0,2021-01-16,2021-01-16,2026-05-18,FINALIZADO,0,0,1,1,2021-01-14,2021-01-14,140,44,520.0,PORTA,DIREITO,FUNILARIA,Prata,Reparo lateral direito,NAO_APLICAVEL
44,1300.0,1300.0,0.0,2021-01-16,2021-01-16,2026-05-18,FINALIZADO,0,0,1,1,2021-01-14,2021-01-14,141,44,780.0,PORTA,DIREITO,PINTURA,Prata,Pintura parcial porta dianteira,PARCIAL
45,1330.0,1330.0,0.0,2021-01-19,2021-01-19,2026-05-18,FINALIZADO,1,1,0,1,2021-01-17,2021-01-17,142,45,890.0,CAIXA_DE_RODA,TRASEIRO_ESQUERDO,FUNILARIA,Cinza,Recuperação da caixa de roda traseira,NAO_APLICAVEL
45,1330.0,1330.0,0.0,2021-01-19,2021-01-19,2026-05-18,FINALIZADO,1,1,0,1,2021-01-17,2021-01-17,143,45,440.0,PAINEL,COMPLETO,MECANICA,,Ajuste de painéis elétricos,NAO_APLICAVEL
48,1470.0,1470.0,0.0,2021-03-08,2021-03-07,2026-05-18,FINALIZADO,0,1,1,1,2021-03-03,2021-03-03,145,48,620.0,PARACHOQUE,DIANTEIRO_ESQUERDO,FUNILARIA,Azul,Reparo em parachoque frontal,NAO_APLICAVEL
48,1470.0,1470.0,0.0,2021-03-08,2021-03-07,2026-05-18,FINALIZADO,0,1,1,1,2021-03-03,2021-03-03,146,48,850.0,PARACHOQUE,DIANTEIRO_ESQUERDO,PINTURA,Azul,Pintura completa frontal,COMPLETA
49,910.0,910.0,0.0,2021-03-11,2021-03-11,2026-05-18,FINALIZADO,1,0,0,1,2021-03-08,2021-03-08,147,49,540.0,PORTA,TRASEIRO_DIREITO,PINTURA,Vermelho,Pintura parcial porta traseira,PARCIAL
49,910.0,910.0,0.0,2021-03-11,2021-03-11,2026-05-18,FINALIZADO,1,0,0,1,2021-03-08,2021-03-08,148,49,370.0,SAIA,DIREITO,OUTROS,Vermelho,Selante e reforço de fixação,NAO_APLICAVEL
50,1850.0,1850.0,0.0,2021-03-15,2021-03-15,2026-05-18,FINALIZADO,1,1,1,1,2021-03-12,2021-03-12,149,50,750.0,PARACHOQUE,TRASEIRO_DIREITO,FUNILARIA,Preto,Recuperação e alinhamento traseiro,NAO_APLICAVEL
50,1850.0,1850.0,0.0,2021-03-15,2021-03-15,2026-05-18,FINALIZADO,1,1,1,1,2021-03-12,2021-03-12,150,50,820.0,PARACHOQUE,TRASEIRO_DIREITO,PINTURA,Preto,Pintura completa traseira,COMPLETA
50,1850.0,1850.0,0.0,2021-03-15,2021-03-15,2026-05-18,FINALIZADO,1,1,1,1,2021-03-12,2021-03-12,151,50,280.0,PAINEL,COMPLETO,MECANICA,,Ajuste de sensores e chicote,NAO_APLICAVEL
53,1420.0,1420.0,0.0,2021-03-29,2021-03-29,2026-05-18,FINALIZADO,0,1,1,1,2021-03-26,2021-03-26,153,53,900.0,PORTA,DIANTEIRO_ESQUERDO,PINTURA,Branco,Pintura completa porta dianteira,COMPLETA
53,1420.0,1420.0,0.0,2021-03-29,2021-03-29,2026-05-18,FINALIZADO,0,1,1,1,2021-03-26,2021-03-26,154,53,520.0,GRADE,DIANTEIRO,FUNILARIA,Branco,Troca de grade frontal,NAO_APLICAVEL
54,1720.0,1720.0,0.0,2021-05-06,2021-05-05,2026-05-18,FINALIZADO,1,1,1,1,2021-05-01,2021-05-01,155,54,780.0,PARACHOQUE,DIANTEIRO,FUNILARIA,Prata,Recuperação frontal com reforço,NAO_APLICAVEL
54,1720.0,1720.0,0.0,2021-05-06,2021-05-05,2026-05-18,FINALIZADO,1,1,1,1,2021-05-01,2021-05-01,156,54,940.0,PARACHOQUE,DIANTEIRO,PINTURA,Prata,Pintura completa do parachoque,COMPLETA
55,1040.0,1040.0,0.0,2021-05-09,2021-05-09,2026-05-18,FINALIZADO,0,0,1,1,2021-05-06,2021-05-06,157,55,610.0,PORTA,TRASEIRO_ESQUERDO,PINTURA,Azul,Pintura parcial porta traseira,PARCIAL
55,1040.0,1040.0,0.0,2021-05-09,2021-05-09,2026-05-18,FINALIZADO,0,0,1,1,2021-05-06,2021-05-06,158,55,430.0,PAINEL,COMPLETO,MECANICA,,Revisão elétrica completa,NAO_APLICAVEL
57,1370.0,1370.0,0.0,2021-05-17,2021-05-17,2026-05-18,FINALIZADO,1,1,0,1,2021-05-13,2021-05-13,159,57,520.0,SAIA,ESQUERDO,OUTROS,Branco,Selante e acabamento lateral,NAO_APLICAVEL
57,1370.0,1370.0,0.0,2021-05-17,2021-05-17,2026-05-18,FINALIZADO,1,1,0,1,2021-05-13,2021-05-13,160,57,850.0,CAIXA_DE_RODA,TRASEIRO_DIREITO,PINTURA,Branco,Pintura parcial caixa de roda,PARCIAL
59,1590.0,1590.0,0.0,2021-05-26,2021-05-26,2026-05-18,FINALIZADO,0,1,1,1,2021-05-23,2021-05-23,161,59,670.0,PARACHOQUE,TRASEIRO_ESQUERDO,FUNILARIA,Vermelho,Reparo traseiro esquerdo,NAO_APLICAVEL
59,1590.0,1590.0,0.0,2021-05-26,2021-05-26,2026-05-18,FINALIZADO,0,1,1,1,2021-05-23,2021-05-23,162,59,920.0,PARACHOQUE,TRASEIRO_ESQUERDO,PINTURA,Vermelho,Pintura completa traseira,COMPLETA
61,1860.0,1860.0,0.0,2021-07-04,2021-07-03,2026-05-18,FINALIZADO,1,1,1,1,2021-06-30,2021-06-30,165,61,890.0,PARACHOQUE,DIANTEIRO,FUNILARIA,Azul,Recuperação frontal com alinhamento,NAO_APLICAVEL
61,1860.0,1860.0,0.0,2021-07-04,2021-07-03,2026-05-18,FINALIZADO,1,1,1,1,2021-06-30,2021-06-30,166,61,970.0,PARACHOQUE,DIANTEIRO,PINTURA,Azul,Pintura completa frontal,COMPLETA
62,1230.0,1230.0,0.0,2021-07-08,2021-07-08,2026-05-18,FINALIZADO,0,0,1,1,2021-07-05,2021-07-05,167,62,550.0,CAIXA_DE_RODA,DIANTEIRO,FUNILARIA,Preto,Reparo caixa de roda dianteira,NAO_APLICAVEL
62,1230.0,1230.0,0.0,2021-07-08,2021-07-08,2026-05-18,FINALIZADO,0,0,1,1,2021-07-05,2021-07-05,168,62,680.0,GRADE,DIANTEIRO,OUTROS,Preto,Substituição de grade frontal,NAO_APLICAVEL
63,1370.0,1370.0,0.0,2021-07-14,2021-07-14,2026-05-18,FINALIZADO,1,1,1,1,2021-07-10,2021-07-10,169,63,750.0,PORTA,TRASEIRO_DIREITO,PINTURA,Prata,Pintura parcial porta traseira,PARCIAL
63,1370.0,1370.0,0.0,2021-07-14,2021-07-14,2026-05-18,FINALIZADO,1,1,1,1,2021-07-10,2021-07-10,170,63,620.0,PAINEL,COMPLETO,MECANICA,,Ajuste de painel de controle,NAO_APLICAVEL
65,820.0,820.0,0.0,2021-07-21,2021-07-21,2026-05-18,FINALIZADO,1,0,1,1,2021-07-18,2021-07-18,171,65,820.0,PARACHOQUE,TRASEIRO_DIREITO,PINTURA,Branco,Pintura completa traseira,COMPLETA
67,1590.0,1590.0,0.0,2021-07-30,2021-07-29,2026-05-18,FINALIZADO,0,1,1,1,2021-07-26,2021-07-26,173,67,710.0,PORTA,DIANTEIRO_ESQUERDO,FUNILARIA,Vermelho,Reparo porta frontal esquerda,NAO_APLICAVEL
67,1590.0,1590.0,0.0,2021-07-30,2021-07-29,2026-05-18,FINALIZADO,0,1,1,1,2021-07-26,2021-07-26,174,67,880.0,PORTA,DIANTEIRO_ESQUERDO,PINTURA,Vermelho,Pintura completa porta dianteira,COMPLETA
68,1570.0,1570.0,0.0,2021-09-06,2021-09-05,2026-05-18,FINALIZADO,1,1,1,1,2021-09-02,2021-09-02,175,68,650.0,PARACHOQUE,DIANTEIRO,FUNILARIA,Cinza,Recuperação frontal,NAO_APLICAVEL
68,1570.0,1570.0,0.0,2021-09-06,2021-09-05,2026-05-18,FINALIZADO,1,1,1,1,2021-09-02,2021-09-02,176,68,920.0,PARACHOQUE,DIANTEIRO,PINTURA,Cinza,Pintura completa frontal,COMPLETA
70,930.0,930.0,0.0,2021-09-13,2021-09-13,2026-05-18,FINALIZADO,1,1,0,1,2021-09-10,2021-09-10,177,70,540.0,PORTA,TRASEIRO_ESQUERDO,PINTURA,Azul,Pintura parcial porta traseira,PARCIAL
70,930.0,930.0,0.0,2021-09-13,2021-09-13,2026-05-18,FINALIZADO,1,1,0,1,2021-09-10,2021-09-10,178,70,390.0,SAIA,ESQUERDO,OUTROS,Azul,Selante lateral esquerdo,NAO_APLICAVEL
72,1630.0,1630.0,0.0,2021-09-22,2021-09-22,2026-05-18,FINALIZADO,0,1,1,1,2021-09-18,2021-09-18,179,72,780.0,PARACHOQUE,DIANTEIRO_ESQUERDO,FUNILARIA,Preto,Reparo frontal esquerdo com reforço,NAO_APLICAVEL
72,1630.0,1630.0,0.0,2021-09-22,2021-09-22,2026-05-18,FINALIZADO,0,1,1,1,2021-09-18,2021-09-18,180,72,850.0,PARACHOQUE,DIANTEIRO_ESQUERDO,PINTURA,Preto,Pintura completa frontal,COMPLETA
74,1440.0,1440.0,0.0,2021-09-29,2021-09-29,2026-05-18,FINALIZADO,1,1,1,1,2021-09-26,2021-09-26,182,74,910.0,PORTA,DIREITO,PINTURA,Prata,Pintura completa porta dianteira,COMPLETA
74,1440.0,1440.0,0.0,2021-09-29,2021-09-29,2026-05-18,FINALIZADO,1,1,1,1,2021-09-26,2021-09-26,183,74,530.0,PAINEL,COMPLETO,MECANICA,,Ajuste elétrico geral,NAO_APLICAVEL
75,1120.0,1120.0,0.0,2021-11-04,2021-11-03,2026-05-18,FINALIZADO,0,1,1,1,2021-10-31,2021-10-31,184,75,670.0,PARACHOQUE,TRASEIRO_ESQUERDO,PINTURA,Branco,Pintura parcial traseira esquerda,PARCIAL
75,1120.0,1120.0,0.0,2021-11-04,2021-11-03,2026-05-18,FINALIZADO,0,1,1,1,2021-10-31,2021-10-31,185,75,450.0,SAIA,ESQUERDO,OUTROS,Branco,Selante e reforço lateral,NAO_APLICAVEL
76,1760.0,1760.0,0.0,2021-11-08,2021-11-08,2026-05-18,FINALIZADO,1,1,1,1,2021-11-04,2021-11-04,186,76,800.0,PARACHOQUE,DIANTEIRO,FUNILARIA,Vermelho,Recuperação frontal com alinhamento,NAO_APLICAVEL
76,1760.0,1760.0,0.0,2021-11-08,2021-11-08,2026-05-18,FINALIZADO,1,1,1,1,2021-11-04,2021-11-04,187,76,960.0,PARACHOQUE,DIANTEIRO,PINTURA,Vermelho,Pintura completa frontal,COMPLETA
78,570.0,570.0,0.0,2021-11-15,2021-11-15,2026-05-18,FINALIZADO,1,0,1,1,2021-11-12,2021-11-12,188,78,570.0,PORTA,TRASEIRO_DIREITO,PINTURA,Cinza,Pintura parcial porta traseira,PARCIAL
80,1600.0,1600.0,0.0,2021-11-23,2021-11-23,2026-05-18,FINALIZADO,1,1,1,1,2021-11-20,2021-11-20,189,80,720.0,CAIXA_DE_RODA,TRASEIRO_ESQUERDO,FUNILARIA,Preto,Reparo caixa de roda traseira,NAO_APLICAVEL
80,1600.0,1600.0,0.0,2021-11-23,2021-11-23,2026-05-18,FINALIZADO,1,1,1,1,2021-11-20,2021-11-20,190,80,880.0,PARACHOQUE,TRASEIRO_ESQUERDO,PINTURA,Preto,Pintura completa traseira,COMPLETA
82,1570.0,1570.0,0.0,2021-12-02,2021-12-02,2026-05-18,FINALIZADO,1,1,1,1,2021-11-30,2021-11-30,191,82,650.0,PARACHOQUE,DIANTEIRO,FUNILARIA,Branco,Recuperação frontal,NAO_APLICAVEL
82,1570.0,1570.0,0.0,2021-12-02,2021-12-02,2026-05-18,FINALIZADO,1,1,1,1,2021-11-30,2021-11-30,192,82,920.0,PARACHOQUE,DIANTEIRO,PINTURA,Branco,Pintura completa frontal,COMPLETA
83,910.0,910.0,0.0,2021-12-06,2021-12-06,2026-05-18,FINALIZADO,0,0,1,1,2021-12-03,2021-12-03,193,83,540.0,PORTA,DIREITO,PINTURA,Azul,Pintura parcial porta dianteira,PARCIAL
83,910.0,910.0,0.0,2021-12-06,2021-12-06,2026-05-18,FINALIZADO,0,0,1,1,2021-12-03,2021-12-03,194,83,370.0,PAINEL,COMPLETO,MECANICA,,Revisão e ajuste de painel,NAO_APLICAVEL
86,1520.0,1520.0,0.0,2021-12-21,2021-12-21,2026-05-18,FINALIZADO,0,1,1,1,2021-12-18,2021-12-18,195,86,710.0,CAIXA_DE_RODA,DIANTEIRO,FUNILARIA,Prata,Reparo caixa de roda dianteira,NAO_APLICAVEL
86,1520.0,1520.0,0.0,2021-12-21,2021-12-21,2026-05-18,FINALIZADO,0,1,1,1,2021-12-18,2021-12-18,196,86,810.0,PORTA,DIANTEIRO_ESQUERDO,PINTURA,Prata,Pintura completa porta dianteira,COMPLETA
88,1720.0,1720.0,0.0,2021-01-22,2021-01-27,2026-05-18,FINALIZADO,1,1,1,1,2021-01-19,2021-01-19,197,88,740.0,PARACHOQUE,DIANTEIRO,FUNILARIA,Branco,Recuperação frontal pós feriado,NAO_APLICAVEL
88,1720.0,1720.0,0.0,2021-01-22,2021-01-27,2026-05-18,FINALIZADO,1,1,1,1,2021-01-19,2021-01-19,198,88,980.0,PARACHOQUE,DIANTEIRO,PINTURA,Branco,Pintura completa frontal,COMPLETA
89,1030.0,1030.0,0.0,2021-04-01,2021-04-05,2026-05-18,FINALIZADO,0,1,1,1,2021-03-29,2021-03-29,199,89,610.0,PORTA,TRASEIRO_DIREITO,PINTURA,Azul,Pintura parcial porta traseira,PARCIAL
89,1030.0,1030.0,0.0,2021-04-01,2021-04-05,2026-05-18,FINALIZADO,0,1,1,1,2021-03-29,2021-03-29,200,89,420.0,PAINEL,COMPLETO,MECANICA,,Ajuste pós páscoa,NAO_APLICAVEL
90,1320.0,1320.0,0.0,2021-06-01,2021-06-07,2026-05-18,FINALIZADO,1,1,1,1,2021-05-31,2021-05-31,201,90,560.0,CAIXA_DE_RODA,DIANTEIRO,FUNILARIA,Cinza,Reparo caixa de roda dianteira,NAO_APLICAVEL
90,1320.0,1320.0,0.0,2021-06-01,2021-06-07,2026-05-18,FINALIZADO,1,1,1,1,2021-05-31,2021-05-31,202,90,760.0,PORTA,DIANTEIRO_ESQUERDO,PINTURA,Cinza,Pintura completa porta dianteira,COMPLETA
91,1770.0,1770.0,0.0,2021-10-31,2021-11-04,2026-05-18,FINALIZADO,1,1,1,1,2021-10-28,2021-10-28,203,91,850.0,PARACHOQUE,TRASEIRO_ESQUERDO,FUNILARIA,Preto,Reparo traseiro pós finados,NAO_APLICAVEL
91,1770.0,1770.0,0.0,2021-10-31,2021-11-04,2026-05-18,FINALIZADO,1,1,1,1,2021-10-28,2021-10-28,204,91,920.0,PARACHOQUE,TRASEIRO_ESQUERDO,PINTURA,Preto,Pintura completa traseira,COMPLETA
92,1210.0,1210.0,0.0,2021-11-18,2021-11-25,2026-05-18,FINALIZADO,0,1,1,1,2021-11-16,2021-11-16,205,92,680.0,PORTA,DIREITO,PINTURA,Vermelho,Pintura parcial porta dianteira,PARCIAL
92,1210.0,1210.0,0.0,2021-11-18,2021-11-25,2026-05-18,FINALIZADO,0,1,1,1,2021-11-16,2021-11-16,206,92,530.0,SAIA,DIREITO,OUTROS,Vermelho,Selante pós consciência negra,NAO_APLICAVEL
93,1670.0,1670.0,0.0,2021-11-01,2021-11-08,2026-05-18,FINALIZADO,1,1,1,1,2021-10-29,2021-10-29,207,93,720.0,PARACHOQUE,DIANTEIRO,FUNILARIA,Branco,Recuperação frontal com atraso,NAO_APLICAVEL
93,1670.0,1670.0,0.0,2021-11-01,2021-11-08,2026-05-18,FINALIZADO,1,1,1,1,2021-10-29,2021-10-29,208,93,950.0,PARACHOQUE,DIANTEIRO,PINTURA,Branco,Pintura completa frontal,COMPLETA
94,1090.0,1090.0,0.0,2021-11-05,2021-11-12,2026-05-18,FINALIZADO,0,1,1,1,2021-11-02,2021-11-02,209,94,610.0,PORTA,TRASEIRO_ESQUERDO,PINTURA,Azul,Pintura parcial porta traseira,PARCIAL
94,1090.0,1090.0,0.0,2021-11-05,2021-11-12,2026-05-18,FINALIZADO,0,1,1,1,2021-11-02,2021-11-02,210,94,480.0,PAINEL,COMPLETO,MECANICA,,Ajuste com atraso em novembro,NAO_APLICAVEL
95,1670.0,1670.0,0.0,2021-11-09,2021-11-17,2026-05-18,FINALIZADO,1,1,1,1,2021-11-06,2021-11-06,211,95,780.0,PARACHOQUE,DIANTEIRO_ESQUERDO,FUNILARIA,Prata,Reparo frontal esquerdo,NAO_APLICAVEL
95,1670.0,1670.0,0.0,2021-11-09,2021-11-17,2026-05-18,FINALIZADO,1,1,1,1,2021-11-06,2021-11-06,212,95,890.0,PARACHOQUE,DIANTEIRO_ESQUERDO,PINTURA,Prata,Pintura completa frontal,COMPLETA
96,1570.0,1570.0,0.0,2021-11-12,2021-11-20,2026-05-18,FINALIZADO,1,1,1,1,2021-11-09,2021-11-09,213,96,650.0,CAIXA_DE_RODA,TRASEIRO_DIREITO,FUNILARIA,Cinza,Reparo caixa de roda traseira,NAO_APLICAVEL
96,1570.0,1570.0,0.0,2021-11-12,2021-11-20,2026-05-18,FINALIZADO,1,1,1,1,2021-11-09,2021-11-09,214,96,920.0,PORTA,DIANTEIRO_ESQUERDO,PINTURA,Cinza,Pintura completa porta dianteira,COMPLETA
97,1290.0,1290.0,0.0,2021-11-22,2021-11-30,2026-05-18,FINALIZADO,0,1,1,1,2021-11-19,2021-11-19,215,97,580.0,SAIA,ESQUERDO,OUTROS,Preto,Selante lateral com atraso,NAO_APLICAVEL
97,1290.0,1290.0,0.0,2021-11-22,2021-11-30,2026-05-18,FINALIZADO,0,1,1,1,2021-11-19,2021-11-19,216,97,710.0,GRADE,DIANTEIRO,FUNILARIA,Preto,Troca de grade frontal,NAO_APLICAVEL
